XM_020398297,XM_020398297,100.000,3315,0,0,1,3315,1,3315,0.0,6122
XM_020398297,XM_020398297,88.816,152,17,0,1868,2019,1727,1878,1.49e-48,187
XM_020398297,XM_020398297,88.816,152,17,0,1727,1878,1868,2019,1.49e-48,187
XM_020398297,XM_020398297,93.443,61,4,0,2934,2994,2871,2931,1.20e-19,91.6
XM_020398297,XM_020398297,93.443,61,4,0,2871,2931,2934,2994,1.20e-19,91.6
XM_020398297,XM_020406650,89.189,2405,205,23,450,2813,705,3095,0.0,2950
XM_020398297,XM_020406650,91.486,693,47,6,1,681,1,693,0.0,942
XM_020398297,XM_020406650,85.079,382,41,13,2930,3306,3089,3459,2.95e-105,375
XM_020398297,XM_020406650,90.840,131,12,0,1738,1868,2164,2294,3.21e-45,176
XM_020398297,XM_020406650,91.935,62,3,2,2871,2931,3093,3153,5.57e-18,86.1
XM_020398297,XM_020404612,90.794,1890,129,16,1,1851,1,1884,0.0,2484
XM_020398297,XM_020404612,85.430,954,126,6,1868,2819,1760,2702,0.0,979
XM_020398297,XM_020404612,81.842,380,50,13,2930,3307,2690,3052,5.08e-83,302
XM_020398297,XM_020404612,97.778,45,1,0,2887,2931,2710,2754,9.33e-16,78.7
XM_020398297,XM_020406645,90.168,1902,154,15,1,1878,1,1893,0.0,2446
XM_020398297,XM_020406645,86.378,947,115,9,1868,2813,1742,2675,0.0,1022
XM_020398297,XM_020406645,87.549,257,28,3,2930,3184,2669,2923,8.51e-81,294
XM_020398297,XM_020406645,94.828,58,3,0,2871,2928,2673,2730,1.20e-19,91.6
XM_020398297,XM_020406644,89.440,1894,153,17,7,1860,1,1887,0.0,2346
XM_020398297,XM_020406644,86.402,706,86,10,1877,2580,1763,2460,0.0,763
XM_020398297,XM_020398112,87.355,862,86,10,59,904,8,862,0.0,966
XM_020398297,XM_020398112,87.346,324,33,8,1271,1590,1139,1458,6.39e-102,364
XM_020398297,XM_020398112,88.446,251,27,2,939,1188,858,1107,5.08e-83,302
XM_020398297,XM_020398112,96.703,91,3,0,2319,2409,1478,1568,5.42e-38,152
XM_020398297,XM_020398112,82.000,100,16,2,1780,1878,1850,1752,2.00e-17,84.2
XM_020410841,XM_020410841,100.000,1542,0,0,1,1542,1,1542,0.0,2848
XM_020410841,XM_020413146,87.210,993,85,21,454,1432,1132,2096,0.0,1092
XM_020410841,XM_020413146,90.610,213,20,0,208,420,793,1005,8.51e-78,283
XM_020410841,XM_020413752,86.673,983,115,15,457,1432,1105,2078,0.0,1075
XM_020410841,XM_020413752,92.593,243,14,3,208,448,763,1003,1.07e-96,346
XM_020410841,XM_020415021,86.890,984,96,12,454,1432,1156,2111,0.0,1072
XM_020410841,XM_020415021,88.525,244,24,4,208,449,808,1049,1.41e-80,292
XM_020410841,XM_020406766,86.599,985,97,12,454,1432,1189,2144,0.0,1055
XM_020410841,XM_020406766,93.048,187,13,0,258,444,900,1086,5.12e-75,274
XM_020410841,XM_020406766,87.500,120,13,2,208,326,781,899,7.01e-34,137
XM_020410841,XM_020413144,86.396,985,99,12,454,1432,1120,2075,0.0,1044
XM_020410841,XM_020413144,88.477,243,26,2,208,449,781,1022,1.41e-80,292
XM_020410841,XM_020413144,86.730,211,27,1,1,211,1,210,8.70e-63,233
XM_020410841,XM_020415023,86.424,987,89,29,454,1432,1093,2042,0.0,1038
XM_020410841,XM_020415023,90.123,243,22,2,208,449,745,986,3.02e-87,315
XM_020410841,XM_020415019,86.122,980,102,14,457,1432,1132,2081,0.0,1026
XM_020410841,XM_020415019,88.785,214,22,2,208,420,781,993,3.99e-71,261
XM_020410841,XM_020415028,87.224,861,71,16,454,1308,1147,1974,0.0,944
XM_020410841,XM_020415028,89.256,242,26,0,208,449,808,1049,6.53e-84,303
XM_020410841,XM_020415028,90.094,212,20,1,1,212,1,211,5.12e-75,274
XM_020410841,XM_020415028,91.667,72,5,1,1362,1432,1974,2045,3.31e-22,99.0
XM_020410841,XM_020416309,87.895,760,66,15,454,1212,1000,1734,0.0,870
XM_020410841,XM_020416309,84.950,299,40,5,1137,1432,1728,2024,3.04e-82,298
XM_020410841,XM_020416309,86.022,186,25,1,1,186,1,185,3.17e-52,198
XM_020410841,XM_020416309,93.023,86,6,0,359,444,812,897,1.52e-30,126
XM_020410841,XM_020413744,81.180,983,160,20,460,1432,1159,2126,0.0,767
XM_020410841,XM_020413744,85.062,241,34,2,209,448,815,1054,4.02e-66,244
XM_020410841,XM_020415030,77.909,507,90,12,213,717,189,675,1.09e-81,296
XM_020410841,XM_020415020,82.775,209,36,0,213,421,189,397,6.87e-49,187
XM_020398112,XM_020398112,100.000,2346,0,0,1,2346,1,2346,0.0,4329
XM_020398112,XM_020398112,92.424,528,30,8,1569,2091,2091,1569,0.0,749
XM_020398112,XM_020398112,98.058,103,2,0,2196,2298,1466,1568,1.75e-46,180
XM_020398112,XM_020398112,98.058,103,2,0,1466,1568,2196,2298,1.75e-46,180
XM_020398112,XM_020406645,89.918,853,81,3,8,859,59,907,0.0,1094
XM_020398112,XM_020406645,84.940,498,64,8,1847,2343,1832,2319,1.53e-141,496
XM_020398112,XM_020406645,86.347,271,34,2,1571,1841,2071,1804,2.16e-80,292
XM_020398112,XM_020406645,86.614,254,29,4,858,1107,945,1197,2.17e-75,276
XM_020398112,XM_020406645,92.391,92,6,1,1471,1562,2178,2268,1.79e-31,130
XM_020398112,XM_020404612,88.941,859,87,4,8,862,59,913,0.0,1053
XM_020398112,XM_020404612,83.099,497,66,10,1854,2344,1857,2341,2.62e-124,438
XM_020398112,XM_020404612,88.502,287,23,4,858,1136,948,1232,2.73e-94,339
XM_020398112,XM_020404612,84.770,348,32,7,1139,1466,1280,1626,1.65e-91,329
XM_020398112,XM_020404612,97.297,74,2,0,1491,1564,2218,2291,2.32e-30,126
XM_020398112,XM_020406644,88.435,856,94,4,8,862,53,904,0.0,1027
XM_020398112,XM_020406644,85.746,456,51,9,1893,2344,1890,2335,2.58e-134,472
XM_020398112,XM_020406644,83.803,284,38,6,1571,1850,2086,1807,1.69e-71,263
XM_020398112,XM_020406644,92.391,92,6,1,1471,1562,2193,2283,1.79e-31,130
XM_020398112,XM_020398297,87.355,862,86,10,8,862,59,904,0.0,966
XM_020398112,XM_020398297,87.346,324,33,8,1139,1458,1271,1590,4.51e-102,364
XM_020398112,XM_020398297,88.446,251,27,2,858,1107,939,1188,3.59e-83,302
XM_020398112,XM_020398297,96.703,91,3,0,1478,1568,2319,2409,3.82e-38,152
XM_020398112,XM_020398297,87.500,72,9,0,1779,1850,1851,1780,1.41e-17,84.2
XM_020398112,XM_020406650,89.043,648,66,3,8,654,59,702,0.0,798
XM_020398112,XM_020406650,89.327,431,46,0,432,862,723,1153,1.94e-155,542
XM_020398112,XM_020406650,84.394,487,68,7,1862,2344,2258,2740,7.19e-135,473
XM_020398112,XM_020406650,84.731,334,38,8,1139,1462,1526,1856,2.75e-89,322
XM_020398112,XM_020406650,86.689,293,23,9,858,1136,1188,1478,5.96e-86,311
XM_020398112,XM_020406650,84.965,286,35,7,1569,1850,2487,2206,1.30e-77,283
XM_020398112,XM_020406650,98.824,85,1,0,1478,1562,2604,2688,3.82e-38,152
XM_020398112,XM_020406650,84.466,103,15,1,1748,1850,2166,2065,1.40e-22,100
XM_020398155,XM_020398155,100.000,2226,0,0,1,2226,1,2226,0.0,4111
XM_020398970,XM_020398970,100.000,3633,0,0,1,3633,1,3633,0.0,6709
XM_020398970,XM_020399059,93.154,3652,223,15,1,3633,1,3644,0.0,5334
XM_020398970,XM_020399146,92.658,3650,245,8,1,3633,1,3644,0.0,5234
XM_020398970,XM_020410665,90.195,3029,274,14,1,3010,1,3025,0.0,3927
XM_020398970,XM_020410665,86.172,593,69,8,3010,3593,3115,3703,0.0,628
XM_020398970,XM_020415521,94.848,2368,113,4,1,2365,109,2470,0.0,3688
XM_020398970,XM_020415521,92.337,1318,95,3,2246,3560,2479,3793,0.0,1869
XM_020398970,XM_020398680,95.341,2082,91,4,1,2079,1,2079,0.0,3302
XM_020398970,XM_020399049,95.181,2075,98,2,1,2074,1,2074,0.0,3277
XM_020398970,XM_020399049,93.278,967,59,5,2292,3255,2070,3033,0.0,1421
XM_020398970,XM_020398665,96.628,1572,47,4,1,1572,1,1566,0.0,2604
XM_020398970,XM_020398665,95.179,809,39,0,1557,2365,1581,2389,0.0,1279
XM_020398970,XM_020399019,94.091,1574,83,7,1,1572,1,1566,0.0,2383
XM_020398970,XM_020399019,92.282,1205,78,11,2298,3489,1872,3074,0.0,1696
XM_020398970,XM_020399019,95.876,291,12,0,1557,1847,1581,1871,4.01e-134,472
XM_020398970,XM_020413752,72.885,2471,584,71,328,2758,298,2722,0.0,773
XM_020398970,XM_020413146,72.887,1195,285,32,1588,2758,1561,2740,3.24e-105,375
XM_020398970,XM_020413144,72.426,1175,288,27,1588,2747,1552,2705,3.28e-95,342
XM_020398970,XM_020415023,72.227,1199,292,33,1582,2758,1507,2686,7.11e-92,331
XM_020398970,XM_020415021,72.134,1195,291,29,1585,2758,1582,2755,1.19e-89,324
XM_020398970,XM_020406766,72.591,1069,262,25,1588,2642,1621,2672,4.28e-89,322
XM_020398970,XM_020416309,71.253,894,222,28,1821,2698,1734,2608,9.73e-51,195
XM_020398970,XM_020415028,71.839,696,179,14,2070,2758,2004,2689,2.11e-47,183
XM_020399019,XM_020399019,100.000,3081,0,0,1,3081,1,3081,0.0,5690
XM_020399019,XM_020399019,100.000,33,0,0,1564,1596,1534,1566,8.72e-11,62.1
XM_020399019,XM_020399019,100.000,33,0,0,1534,1566,1564,1596,8.72e-11,62.1
XM_020399019,XM_020398665,96.903,1873,54,3,1,1871,1,1871,0.0,3134
XM_020399019,XM_020398665,100.000,66,0,0,1872,1937,2322,2387,3.95e-29,122
XM_020399019,XM_020398665,100.000,33,0,0,1564,1596,1534,1566,8.72e-11,62.1
XM_020399019,XM_020398665,100.000,33,0,0,1534,1566,1564,1596,8.72e-11,62.1
XM_020399019,XM_020415521,96.822,1542,42,4,1,1537,109,1648,0.0,2569
XM_020399019,XM_020415521,93.229,1211,65,10,1872,3079,2531,3727,0.0,1766
XM_020399019,XM_020415521,98.625,291,4,0,1581,1871,1665,1955,1.55e-147,516
XM_020399019,XM_020415521,100.000,66,0,0,1872,1937,2403,2468,3.95e-29,122
XM_020399019,XM_020398680,96.188,1574,50,6,1,1566,1,1572,0.0,2566
XM_020399019,XM_020398680,96.753,308,10,0,1564,1871,1540,1847,5.57e-147,514
XM_020399019,XM_020399059,95.746,1575,54,9,1,1564,1,1573,0.0,2525
XM_020399019,XM_020399059,91.315,1209,93,7,1872,3074,2298,3500,0.0,1640
XM_020399019,XM_020399059,93.836,292,18,0,1580,1871,1559,1850,9.59e-125,440
XM_020399019,XM_020399146,95.055,1537,73,1,1,1534,1,1537,0.0,2414
XM_020399019,XM_020399146,91.240,1210,95,5,1872,3074,2295,3500,0.0,1637
XM_020399019,XM_020399146,96.564,291,10,0,1581,1871,1557,1847,1.57e-137,483
XM_020399019,XM_020399049,95.062,1539,69,5,1,1534,1,1537,0.0,2414
XM_020399019,XM_020399049,92.276,971,58,12,1872,2838,2076,3033,0.0,1362
XM_020399019,XM_020399049,94.158,291,17,0,1581,1871,1557,1847,7.41e-126,444
XM_020399019,XM_020398970,94.091,1574,83,7,1,1566,1,1572,0.0,2383
XM_020399019,XM_020398970,92.282,1205,78,11,1872,3074,2298,3489,0.0,1696
XM_020399019,XM_020398970,95.876,291,12,0,1581,1871,1557,1847,3.40e-134,472
XM_020399019,XM_020410665,88.003,1592,163,16,1,1566,1,1590,0.0,1857
XM_020399019,XM_020410665,91.049,715,60,4,1872,2584,2313,3025,0.0,963
XM_020399019,XM_020410665,87.251,502,51,6,2584,3081,3115,3607,7.06e-161,560
XM_020399019,XM_020410665,92.784,291,21,0,1581,1871,1575,1865,3.47e-119,422
XM_020399019,XM_020413752,74.735,471,103,14,1870,2332,2260,2722,2.29e-51,196
XM_020399019,XM_020415028,73.517,472,107,14,1870,2332,2227,2689,2.32e-41,163
XM_020399019,XM_020415021,73.134,469,114,10,1870,2332,2293,2755,1.08e-39,158
XM_020399019,XM_020413146,72.921,469,115,11,1870,2332,2278,2740,5.03e-38,152
XM_020399019,XM_020415023,72.996,474,106,18,1870,2332,2224,2686,2.34e-36,147
XM_020399019,XM_020416309,72.840,405,102,6,1876,2276,2212,2612,6.56e-32,132
XM_020399019,XM_020406766,72.754,345,86,6,1876,2216,2332,2672,3.07e-25,110
XM_020399019,XM_020413144,71.429,462,115,14,1870,2321,2251,2705,3.97e-24,106
XM_020398665,XM_020398665,100.000,2475,0,0,1,2475,1,2475,0.0,4571
XM_020398665,XM_020398665,95.082,61,3,0,2398,2458,2270,2330,1.92e-21,97.1
XM_020398665,XM_020398665,95.082,61,3,0,2270,2330,2398,2458,1.92e-21,97.1
XM_020398665,XM_020398665,100.000,33,0,0,1564,1596,1534,1566,7.00e-11,62.1
XM_020398665,XM_020398665,100.000,33,0,0,1534,1566,1564,1596,7.00e-11,62.1
XM_020398665,XM_020399019,96.903,1873,54,3,1,1871,1,1871,0.0,3134
XM_020398665,XM_020399019,100.000,66,0,0,2322,2387,1872,1937,3.16e-29,122
XM_020398665,XM_020399019,100.000,33,0,0,1564,1596,1534,1566,7.00e-11,62.1
XM_020398665,XM_020399019,100.000,33,0,0,1534,1566,1564,1596,7.00e-11,62.1
XM_020398665,XM_020398970,96.628,1572,47,4,1,1566,1,1572,0.0,2604
XM_020398665,XM_020398970,95.179,809,39,0,1581,2389,1557,2365,0.0,1279
XM_020398665,XM_020398680,95.992,1572,57,3,1,1566,1,1572,0.0,2549
XM_020398665,XM_020398680,95.370,540,25,0,1564,2103,1540,2079,0.0,859
XM_020398665,XM_020399049,96.617,1537,49,2,1,1534,1,1537,0.0,2547
XM_020398665,XM_020399049,94.027,519,29,2,1581,2098,1557,2074,0.0,785
XM_020398665,XM_020399049,96.203,79,3,0,2316,2394,2070,2148,1.89e-31,130
XM_020398665,XM_020415521,96.429,1540,52,1,1,1537,109,1648,0.0,2536
XM_020398665,XM_020415521,95.786,878,34,3,1581,2458,1665,2539,0.0,1413
XM_020398665,XM_020415521,96.748,123,4,0,2270,2392,2479,2601,3.05e-54,206
XM_020398665,XM_020399059,95.613,1573,60,6,1,1564,1,1573,0.0,2514
XM_020398665,XM_020399059,93.620,815,49,1,1580,2394,1559,2370,0.0,1214
XM_020398665,XM_020399059,96.721,61,2,0,2398,2458,2246,2306,4.12e-23,102
XM_020398665,XM_020399146,95.055,1537,73,2,1,1534,1,1537,0.0,2414
XM_020398665,XM_020399146,92.980,812,54,2,1581,2392,1557,2365,0.0,1181
XM_020398665,XM_020410665,88.742,1590,155,14,1,1566,1,1590,0.0,1923
XM_020398665,XM_020410665,90.663,814,73,1,1581,2394,1575,2385,0.0,1079
XM_020399049,XM_020399049,100.000,3063,0,0,1,3063,1,3063,0.0,5657
XM_020399049,XM_020399059,96.070,2061,78,1,1,2058,1,2061,0.0,3354
XM_020399049,XM_020399059,92.916,974,58,5,2070,3033,2292,3264,0.0,1406
XM_020399049,XM_020398970,95.181,2075,98,2,1,2074,1,2074,0.0,3277
XM_020399049,XM_020398970,93.278,967,59,5,2070,3033,2292,3255,0.0,1421
XM_020399049,XM_020398680,95.199,2062,91,4,1,2058,1,2058,0.0,3253
XM_020399049,XM_020415521,94.790,2073,101,4,1,2069,109,2178,0.0,3223
XM_020399049,XM_020415521,93.535,959,61,1,2070,3027,2525,3483,0.0,1426
XM_020399049,XM_020415521,96.203,79,3,0,2070,2148,2397,2475,2.34e-31,130
XM_020399049,XM_020399146,94.544,2071,112,1,1,2070,1,2071,0.0,3197
XM_020399049,XM_020399146,89.938,974,81,7,2070,3027,2289,3261,0.0,1240
XM_020399049,XM_020398665,96.617,1537,49,2,1,1537,1,1534,0.0,2547
XM_020399049,XM_020398665,94.027,519,29,2,1557,2074,1581,2098,0.0,785
XM_020399049,XM_020398665,96.203,79,3,0,2070,2148,2316,2394,2.34e-31,130
XM_020399049,XM_020410665,88.782,2077,213,11,1,2058,1,2076,0.0,2527
XM_020399049,XM_020410665,91.250,720,61,2,2070,2788,2307,3025,0.0,979
XM_020399049,XM_020410665,89.683,252,20,4,2788,3033,3115,3366,1.68e-87,316
XM_020399049,XM_020399019,95.062,1539,69,5,1,1537,1,1534,0.0,2414
XM_020399049,XM_020399019,92.276,971,58,12,2076,3033,1872,2838,0.0,1362
XM_020399049,XM_020399019,94.158,291,17,0,1557,1847,1581,1871,7.37e-126,444
XM_020399049,XM_020413752,75.159,471,109,7,2070,2536,2256,2722,6.29e-57,215
XM_020399049,XM_020413146,74.788,472,109,10,2070,2536,2274,2740,1.36e-53,204
XM_020399049,XM_020415028,74.681,470,113,6,2070,2536,2223,2689,1.36e-53,204
XM_020399049,XM_020415021,74.098,471,114,8,2070,2536,2289,2755,1.37e-48,187
XM_020399049,XM_020415023,73.774,469,119,4,2070,2536,2220,2686,6.38e-47,182
XM_020399049,XM_020415030,73.269,520,105,20,1168,1682,451,941,2.99e-40,159
XM_020399049,XM_020413144,73.102,461,117,6,2070,2525,2247,2705,1.08e-39,158
XM_020399049,XM_020416309,73.449,403,103,4,2080,2480,2212,2612,6.47e-37,148
XM_020399049,XM_020406766,73.178,343,88,4,2080,2420,2332,2672,1.41e-28,121
XM_020399059,XM_020399059,100.000,3726,0,0,1,3726,1,3726,0.0,6881
XM_020399059,XM_020398970,93.154,3652,223,15,1,3644,1,3633,0.0,5334
XM_020399059,XM_020399146,92.160,3686,267,10,1,3675,1,3675,0.0,5186
XM_020399059,XM_020415521,95.823,2370,96,2,1,2370,109,2475,0.0,3825
XM_020399059,XM_020415521,91.467,1336,93,11,2246,3576,2479,3798,0.0,1816
XM_020399059,XM_020410665,89.120,3033,302,17,1,3013,1,3025,0.0,3747
XM_020399059,XM_020410665,86.218,595,73,4,3013,3604,3115,3703,0.0,636
XM_020399059,XM_020410665,88.525,122,14,0,3540,3661,3702,3823,7.88e-37,148
XM_020399059,XM_020398680,96.687,2083,66,2,1,2083,1,2080,0.0,3461
XM_020399059,XM_020399049,96.070,2061,78,1,1,2061,1,2058,0.0,3354
XM_020399059,XM_020399049,92.916,974,58,5,2292,3264,2070,3033,0.0,1406
XM_020399059,XM_020399019,95.746,1575,54,8,1,1573,1,1564,0.0,2525
XM_020399059,XM_020399019,91.315,1209,93,7,2298,3500,1872,3074,0.0,1640
XM_020399059,XM_020399019,93.836,292,18,0,1559,1850,1580,1871,1.16e-124,440
XM_020399059,XM_020398665,95.613,1573,60,5,1,1573,1,1564,0.0,2514
XM_020399059,XM_020398665,93.620,815,49,1,1559,2370,1580,2394,0.0,1214
XM_020399059,XM_020398665,96.721,61,2,0,2246,2306,2398,2458,6.22e-23,102
XM_020399059,XM_020413752,73.074,2466,575,73,331,2753,298,2717,0.0,793
XM_020399059,XM_020413144,71.893,2800,663,90,1,2759,1,2717,0.0,697
XM_020399059,XM_020406766,72.539,1788,432,42,875,2646,932,2676,8.66e-151,527
XM_020399059,XM_020413146,73.025,1190,291,23,1591,2759,1561,2741,3.30e-110,392
XM_020399059,XM_020415023,72.774,1179,283,33,1591,2747,1513,2675,7.19e-102,364
XM_020399059,XM_020415021,72.364,1176,302,19,1591,2753,1585,2750,2.01e-97,350
XM_020399059,XM_020415028,72.996,711,178,13,2044,2747,1975,2678,1.64e-63,237
XM_020399059,XM_020416309,71.224,907,243,16,1824,2721,1734,2631,2.76e-56,213
XM_020398680,XM_020398680,100.000,2217,0,0,1,2217,1,2217,0.0,4095
XM_020398680,XM_020399059,96.687,2083,66,3,1,2080,1,2083,0.0,3461
XM_020398680,XM_020415521,96.447,2083,68,4,1,2080,109,2188,0.0,3432
XM_020398680,XM_020398970,95.341,2082,91,4,1,2079,1,2079,0.0,3302
XM_020398680,XM_020399049,95.199,2062,91,4,1,2058,1,2058,0.0,3253
XM_020398680,XM_020399146,94.050,2084,116,4,1,2080,1,2080,0.0,3155
XM_020398680,XM_020410665,89.481,2101,197,15,1,2080,1,2098,0.0,2634
XM_020398680,XM_020399019,96.183,1572,54,3,1,1572,1,1566,0.0,2566
XM_020398680,XM_020399019,96.753,308,10,0,1540,1847,1564,1871,4.00e-147,514
XM_020398680,XM_020398665,95.992,1572,57,3,1,1572,1,1566,0.0,2549
XM_020398680,XM_020398665,95.370,540,25,0,1540,2079,1564,2103,0.0,859
XM_020398680,XM_020415030,73.477,509,96,24,1171,1670,451,929,2.79e-39,156
XM_020399146,XM_020399146,100.000,3705,0,0,1,3705,1,3705,0.0,6842
XM_020399146,XM_020398970,92.658,3650,245,8,1,3644,1,3633,0.0,5234
XM_020399146,XM_020399059,92.160,3686,267,10,1,3675,1,3675,0.0,5186
XM_020399146,XM_020410665,89.145,3031,305,12,1,3013,1,3025,0.0,3753
XM_020399146,XM_020410665,83.833,600,78,11,3013,3604,3115,3703,1.42e-158,553
XM_020399146,XM_020415521,94.088,2368,134,3,1,2365,109,2473,0.0,3592
XM_020399146,XM_020415521,90.566,1325,109,4,2247,3570,2483,3792,0.0,1740
XM_020399146,XM_020399049,94.544,2071,112,1,1,2071,1,2070,0.0,3197
XM_020399146,XM_020399049,89.938,974,81,7,2289,3261,2070,3027,0.0,1240
XM_020399146,XM_020398680,94.047,2083,118,3,1,2080,1,2080,0.0,3155
XM_020399146,XM_020398665,95.055,1537,73,2,1,1537,1,1534,0.0,2414
XM_020399146,XM_020398665,92.980,812,54,2,1557,2365,1581,2392,0.0,1181
XM_020399146,XM_020399019,95.055,1537,73,1,1,1537,1,1534,0.0,2414
XM_020399146,XM_020399019,91.240,1210,95,5,2295,3500,1872,3074,0.0,1637
XM_020399146,XM_020399019,96.564,291,10,0,1557,1847,1581,1871,1.89e-137,483
XM_020399146,XM_020413744,73.153,2816,655,71,1,2761,1,2770,0.0,918
XM_020399146,XM_020413752,72.382,2473,596,71,328,2761,298,2722,0.0,702
XM_020399146,XM_020413144,71.822,2793,656,94,1,2750,1,2705,0.0,676
XM_020399146,XM_020415023,72.264,1197,286,38,1588,2761,1513,2686,2.61e-91,329
XM_020399146,XM_020413146,71.883,1195,306,22,1585,2761,1558,2740,5.64e-88,318
XM_020399146,XM_020415021,71.943,1194,292,33,1588,2761,1585,2755,3.40e-85,309
XM_020399146,XM_020406766,72.176,1071,263,31,1588,2642,1621,2672,9.51e-81,294
XM_020399146,XM_020416309,70.713,898,228,31,1821,2702,1734,2612,6.02e-43,169
XM_020399146,XM_020415028,71.272,731,184,20,2041,2761,1975,2689,2.80e-41,163
XM_020399871,XM_020399871,100.000,4371,0,0,1,4371,1,4371,0.0,8072
XM_020400995,XM_020400995,100.000,2556,0,0,1,2556,1,2556,0.0,4721
XM_020400995,XM_020400992,83.699,1730,237,23,845,2556,1886,3588,0.0,1591
XM_020400995,XM_020400992,85.319,470,65,3,364,830,1343,1811,1.30e-137,483
XM_020400995,XM_020400992,92.771,332,22,2,40,371,47,376,1.68e-136,479
XM_020400992,XM_020400992,100.000,3588,0,0,1,3588,1,3588,0.0,6626
XM_020400992,XM_020400995,83.699,1730,237,23,1886,3588,845,2556,0.0,1591
XM_020400992,XM_020400995,85.319,470,65,3,1343,1811,364,830,1.83e-137,483
XM_020400992,XM_020400995,92.771,332,22,2,47,376,40,371,2.37e-136,479
XM_020406644,XM_020406644,100.000,2466,0,0,1,2466,1,2466,0.0,4554
XM_020406644,XM_020406645,91.333,2469,182,16,1,2463,7,2449,0.0,3345
XM_020406644,XM_020404612,89.787,2487,204,14,1,2462,7,2468,0.0,3140
XM_020406644,XM_020398297,89.440,1894,153,17,1,1887,7,1860,0.0,2346
XM_020406644,XM_020398297,86.421,707,84,12,1763,2460,1877,2580,0.0,763
XM_020406644,XM_020406650,91.224,1470,112,10,451,1907,700,2165,0.0,1984
XM_020406644,XM_020406650,91.236,696,61,0,1,696,7,702,0.0,948
XM_020406644,XM_020406650,90.665,707,57,9,1765,2463,2164,2869,0.0,931
XM_020406644,XM_020398112,88.435,856,94,4,53,904,8,862,0.0,1027
XM_020406644,XM_020398112,85.746,456,51,9,1890,2335,1893,2344,2.72e-134,472
XM_020406644,XM_020398112,83.803,284,38,6,1807,2086,1850,1571,1.78e-71,263
XM_020406644,XM_020398112,92.391,92,6,1,2193,2283,1471,1562,1.88e-31,130
XM_020406645,XM_020406645,100.000,3048,0,0,1,3048,1,3048,0.0,5629
XM_020406645,XM_020404612,89.344,2956,264,27,1,2923,1,2938,0.0,3666
XM_020406645,XM_020406644,91.333,2469,182,16,7,2449,1,2463,0.0,3345
XM_020406645,XM_020398297,90.168,1902,154,15,1,1893,1,1878,0.0,2446
XM_020406645,XM_020398297,86.378,947,115,9,1742,2675,1868,2813,0.0,1022
XM_020406645,XM_020398297,87.549,257,28,3,2669,2923,2930,3184,7.82e-81,294
XM_020406645,XM_020398297,94.828,58,3,0,2673,2730,2871,2928,1.10e-19,91.6
XM_020406645,XM_020406650,90.177,1466,114,15,460,1897,703,2166,0.0,1882
XM_020406645,XM_020406650,87.584,1184,130,14,1753,2923,2164,3343,0.0,1356
XM_020406645,XM_020406650,92.308,702,54,0,1,702,1,702,0.0,998
XM_020406645,XM_020398112,89.918,853,81,3,59,907,8,859,0.0,1094
XM_020406645,XM_020398112,84.940,498,64,8,1832,2319,1847,2343,2.00e-141,496
XM_020406645,XM_020398112,86.792,265,32,2,1810,2071,1835,1571,2.81e-80,292
XM_020406645,XM_020398112,86.614,254,29,4,945,1197,858,1107,2.83e-75,276
XM_020406645,XM_020398112,92.391,92,6,1,2178,2268,1471,1562,2.33e-31,130
XM_020406650,XM_020406650,100.000,3468,0,0,1,3468,1,3468,0.0,6405
XM_020406650,XM_020406650,99.588,243,1,0,703,945,460,702,8.35e-126,444
XM_020406650,XM_020406650,99.588,243,1,0,460,702,703,945,8.35e-126,444
XM_020406650,XM_020406650,87.413,143,18,0,2164,2306,2023,2165,7.28e-42,165
XM_020406650,XM_020406650,87.413,143,18,0,2023,2165,2164,2306,7.28e-42,165
XM_020406650,XM_020398297,89.189,2405,205,23,705,3095,450,2813,0.0,2950
XM_020406650,XM_020398297,91.486,693,47,6,1,693,1,681,0.0,942
XM_020406650,XM_020398297,85.117,383,39,15,3089,3459,2930,3306,3.09e-105,375
XM_020406650,XM_020398297,90.840,131,12,0,2164,2294,1738,1868,3.36e-45,176
XM_020406650,XM_020398297,91.935,62,3,2,3093,3153,2871,2931,5.83e-18,86.1
XM_020406650,XM_020404612,91.340,1478,89,13,703,2166,463,1915,0.0,1984
XM_020406650,XM_020404612,89.291,1298,120,9,2164,3459,1771,3051,0.0,1609
XM_020406650,XM_020404612,97.163,705,17,1,1,702,1,705,0.0,1188
XM_020406650,XM_020406644,91.224,1470,112,10,700,2165,451,1907,0.0,1984
XM_020406650,XM_020406644,91.236,696,61,0,7,702,1,696,0.0,948
XM_020406650,XM_020406644,90.665,707,57,8,2164,2869,1765,2463,0.0,931
XM_020406650,XM_020406645,90.177,1466,114,15,703,2166,460,1897,0.0,1882
XM_020406650,XM_020406645,87.584,1184,130,14,2164,3343,1753,2923,0.0,1356
XM_020406650,XM_020406645,92.308,702,54,0,1,702,1,702,0.0,998
XM_020406650,XM_020398112,89.043,648,66,3,59,702,8,654,0.0,798
XM_020406650,XM_020398112,89.327,431,46,0,723,1153,432,862,2.88e-155,542
XM_020406650,XM_020398112,84.394,487,68,7,2258,2740,1862,2344,1.07e-134,473
XM_020406650,XM_020398112,84.731,334,38,8,1526,1856,1139,1462,4.08e-89,322
XM_020406650,XM_020398112,86.689,293,23,9,1188,1478,858,1136,8.84e-86,311
XM_020406650,XM_020398112,85.978,271,30,7,2221,2487,1835,1569,1.93e-77,283
XM_020406650,XM_020398112,98.824,85,1,0,2604,2688,1478,1562,5.67e-38,152
XM_020406650,XM_020398112,84.466,103,15,1,2065,2166,1850,1748,2.08e-22,100
XM_020404612,XM_020404612,100.000,3069,0,0,1,3069,1,3069,0.0,5668
XM_020404612,XM_020406645,89.344,2956,264,27,1,2938,1,2923,0.0,3666
XM_020404612,XM_020406644,89.787,2487,204,14,7,2468,1,2462,0.0,3140
XM_020404612,XM_020398297,90.794,1890,129,16,1,1884,1,1851,0.0,2484
XM_020404612,XM_020398297,85.430,954,126,6,1760,2702,1868,2819,0.0,979
XM_020404612,XM_020398297,81.842,380,50,13,2690,3052,2930,3307,4.70e-83,302
XM_020404612,XM_020398297,97.778,45,1,0,2710,2754,2887,2931,8.63e-16,78.7
XM_020404612,XM_020406650,91.340,1478,89,13,463,1915,703,2166,0.0,1984
XM_020404612,XM_020406650,89.291,1298,120,9,1771,3051,2164,3459,0.0,1609
XM_020404612,XM_020406650,97.163,705,17,1,1,705,1,702,0.0,1188
XM_020404612,XM_020398112,88.941,859,87,4,59,913,8,862,0.0,1053
XM_020404612,XM_020398112,83.099,497,66,10,1857,2341,1854,2344,3.44e-124,438
XM_020404612,XM_020398112,88.502,287,23,4,948,1232,858,1136,3.59e-94,339
XM_020404612,XM_020398112,84.770,348,32,7,1280,1626,1139,1466,2.16e-91,329
XM_020404612,XM_020398112,97.297,74,2,0,2218,2291,1491,1564,3.04e-30,126
XM_020406766,XM_020406766,100.000,3456,0,0,1,3456,1,3456,0.0,6383
XM_020406766,XM_020406766,100.000,70,0,0,898,967,829,898,2.65e-31,130
XM_020406766,XM_020406766,100.000,70,0,0,829,898,898,967,2.65e-31,130
XM_020406766,XM_020413144,91.546,1798,141,8,898,2691,829,2619,0.0,2468
XM_020406766,XM_020413144,90.788,901,79,4,1,899,1,899,0.0,1201
XM_020406766,XM_020413144,89.677,465,48,0,2980,3444,3196,3660,7.81e-171,593
XM_020406766,XM_020413144,89.310,290,31,0,2697,2986,2868,3157,6.67e-102,364
XM_020406766,XM_020415021,90.682,1803,153,6,901,2691,859,2658,0.0,2385
XM_020406766,XM_020415021,85.884,928,100,15,1,899,1,926,0.0,959
XM_020406766,XM_020415021,87.448,478,55,3,2980,3456,3226,3699,2.22e-156,545
XM_020406766,XM_020415021,90.714,280,26,0,2697,2976,2904,3183,1.11e-104,374
XM_020406766,XM_020413146,90.210,1808,158,13,901,2694,844,2646,0.0,2340
XM_020406766,XM_020413146,85.777,914,112,6,1,899,1,911,0.0,952
XM_020406766,XM_020413146,87.785,483,53,4,2972,3450,3033,3513,7.92e-161,560
XM_020406766,XM_020415019,89.812,1806,166,13,898,2691,829,2628,0.0,2300
XM_020406766,XM_020415019,92.333,900,67,2,1,899,1,899,0.0,1279
XM_020406766,XM_020415019,88.406,276,23,4,2711,2986,2888,3154,1.13e-89,324
XM_020406766,XM_020415019,89.320,103,7,2,2972,3074,3186,3284,3.42e-30,126
XM_020406766,XM_020415023,89.195,1814,166,15,898,2695,793,2592,0.0,2237
XM_020406766,XM_020415023,87.728,383,45,2,518,899,482,863,2.31e-126,446
XM_020406766,XM_020415023,85.507,414,28,11,103,497,1,401,1.41e-113,403
XM_020406766,XM_020413752,88.209,1815,187,15,901,2691,814,2625,0.0,2141
XM_020406766,XM_020413752,83.639,599,62,18,331,899,289,881,6.21e-152,531
XM_020406766,XM_020413752,88.966,290,30,2,1,289,1,289,1.12e-99,357
XM_020406766,XM_020413752,88.701,177,16,3,2981,3156,3167,3340,2.55e-56,213
XM_020406766,XM_020416309,99.132,922,8,0,1001,1922,812,1733,0.0,1659
XM_020406766,XM_020416309,98.819,847,10,0,1848,2694,1728,2574,0.0,1509
XM_020406766,XM_020416309,98.274,811,14,0,1,811,1,811,0.0,1421
XM_020406766,XM_020416309,98.969,485,4,1,2972,3456,3183,3666,0.0,867
XM_020406766,XM_020415028,91.007,1112,91,5,911,2019,869,1974,0.0,1491
XM_020406766,XM_020415028,84.052,928,117,11,1,899,1,926,0.0,865
XM_020406766,XM_020415028,89.871,622,63,0,2073,2694,1974,2595,0.0,800
XM_020406766,XM_020415028,89.218,473,47,2,2972,3444,3114,3582,3.63e-169,588
XM_020406766,XM_020413744,80.916,1813,306,26,901,2684,865,2666,0.0,1395
XM_020406766,XM_020413744,80.556,936,141,18,1,899,1,932,0.0,682
XM_020406766,XM_020413744,78.512,363,59,13,2981,3339,3326,3673,1.53e-58,220
XM_020406766,XM_020410841,86.599,985,97,12,1189,2144,454,1432,0.0,1055
XM_020406766,XM_020410841,93.048,187,13,0,900,1086,258,444,1.16e-74,274
XM_020406766,XM_020410841,87.603,121,11,4,781,899,208,326,1.58e-33,137
XM_020406766,XM_020399059,72.524,1787,434,40,932,2676,875,2646,8.03e-151,527
XM_020406766,XM_020398970,72.642,1071,258,27,1621,2672,1588,2642,4.07e-89,322
XM_020406766,XM_020399146,72.176,1071,263,31,1621,2672,1588,2642,8.87e-81,294
XM_020406766,XM_020410665,71.737,1065,275,25,1621,2672,1606,2657,3.21e-75,276
XM_020406766,XM_020410665,76.407,462,89,13,1,458,1,446,7.05e-62,231
XM_020406766,XM_020415030,82.743,226,35,4,1229,1452,452,675,7.15e-52,198
XM_020406766,XM_020399049,73.178,343,88,4,2332,2672,2080,2420,1.59e-28,121
XM_020406766,XM_020415521,72.527,364,93,6,2313,2672,2516,2876,9.59e-26,111
XM_020406766,XM_020399019,72.754,345,86,6,2332,2672,1876,2216,3.45e-25,110
XM_020406812,XM_020406812,100.000,2805,0,0,1,2805,1,2805,0.0,5180
XM_020410665,XM_020410665,100.000,4215,0,0,1,4215,1,4215,0.0,7784
XM_020410665,XM_020410665,100.000,65,0,0,3702,3766,3639,3703,1.94e-28,121
XM_020410665,XM_020410665,100.000,65,0,0,3639,3703,3702,3766,1.94e-28,121
XM_020410665,XM_020410665,96.774,31,1,0,3909,3939,3845,3875,7.20e-08,52.8
XM_020410665,XM_020410665,96.774,31,1,0,3845,3875,3909,3939,7.20e-08,52.8
XM_020410665,XM_020398970,90.195,3029,274,14,1,3025,1,3010,0.0,3927
XM_020410665,XM_020398970,86.172,593,69,8,3115,3703,3010,3593,0.0,628
XM_020410665,XM_020399146,89.145,3031,305,12,1,3025,1,3013,0.0,3753
XM_020410665,XM_020399146,83.833,600,78,11,3115,3703,3013,3604,1.62e-158,553
XM_020410665,XM_020399059,89.120,3033,302,17,1,3025,1,3013,0.0,3747
XM_020410665,XM_020399059,86.218,595,73,4,3115,3703,3013,3604,0.0,636
XM_020410665,XM_020399059,88.525,122,14,0,3702,3823,3540,3661,8.92e-37,148
XM_020410665,XM_020415521,89.489,2388,227,14,1,2385,109,2475,0.0,2998
XM_020410665,XM_020415521,92.448,768,53,5,2261,3025,2479,3244,0.0,1092
XM_020410665,XM_020415521,87.993,558,55,6,3115,3669,3244,3792,0.0,649
XM_020410665,XM_020398680,89.481,2101,197,15,1,2098,1,2080,0.0,2634
XM_020410665,XM_020399049,88.782,2077,213,11,1,2076,1,2058,0.0,2527
XM_020410665,XM_020399049,91.274,722,57,5,2307,3025,2070,2788,0.0,979
XM_020410665,XM_020399049,89.683,252,20,4,3115,3366,2788,3033,2.31e-87,316
XM_020410665,XM_020398665,88.742,1590,155,14,1,1590,1,1566,0.0,1923
XM_020410665,XM_020398665,90.663,814,73,1,1575,2385,1581,2394,0.0,1079
XM_020410665,XM_020399019,88.003,1592,163,16,1,1590,1,1566,0.0,1857
XM_020410665,XM_020399019,91.049,715,60,4,2313,3025,1872,2584,0.0,963
XM_020410665,XM_020399019,87.251,502,51,6,3115,3607,2584,3081,9.67e-161,560
XM_020410665,XM_020399019,92.784,291,21,0,1575,1865,1581,1871,4.76e-119,422
XM_020410665,XM_020413744,74.379,2818,631,68,1,2774,1,2771,0.0,1120
XM_020410665,XM_020413752,72.939,2487,576,79,326,2774,296,2723,0.0,774
XM_020410665,XM_020413146,72.408,1196,288,34,1606,2774,1561,2741,3.81e-95,342
XM_020410665,XM_020415023,71.993,1189,299,29,1606,2774,1513,2687,1.79e-88,320
XM_020410665,XM_020415021,71.956,1191,293,32,1606,2774,1585,2756,1.08e-85,311
XM_020410665,XM_020413144,71.648,1171,301,26,1606,2762,1552,2705,1.08e-80,294
XM_020410665,XM_020406766,71.737,1065,275,25,1606,2657,1621,2672,3.92e-75,276
XM_020410665,XM_020406766,76.407,462,89,13,1,446,1,458,8.61e-62,231
XM_020410665,XM_020415019,77.754,463,81,17,1,446,1,458,8.49e-72,265
XM_020410665,XM_020416309,76.304,460,93,12,1,446,1,458,8.61e-62,231
XM_020410665,XM_020416309,69.978,906,250,21,1839,2733,1734,2628,3.21e-36,147
XM_020410665,XM_020415028,72.077,727,181,17,2059,2774,1975,2690,8.73e-52,198
XM_020415019,XM_020415019,100.000,3285,0,0,1,3285,1,3285,0.0,6067
XM_020415019,XM_020413144,91.934,3310,221,24,1,3284,1,3290,0.0,4591
XM_020415019,XM_020415021,89.871,3327,282,29,1,3283,1,3316,0.0,4226
XM_020415019,XM_020413146,90.226,2967,248,16,1,2937,1,2955,0.0,3834
XM_020415019,XM_020413752,87.257,2621,259,31,331,2894,289,2891,0.0,2920
XM_020415019,XM_020413752,84.906,371,43,9,2925,3284,2889,3257,2.28e-101,363
XM_020415019,XM_020413752,88.621,290,31,2,1,289,1,289,4.93e-98,351
XM_020415019,XM_020415023,89.544,2238,213,13,518,2746,482,2707,0.0,2817
XM_020415019,XM_020415023,85.990,414,26,13,103,497,1,401,6.20e-117,414
XM_020415019,XM_020415028,88.324,1987,188,19,1,1956,1,1974,0.0,2344
XM_020415019,XM_020415028,89.124,1278,97,23,2010,3284,1974,3212,0.0,1552
XM_020415019,XM_020406766,89.812,1806,166,13,829,2628,898,2691,0.0,2300
XM_020415019,XM_020406766,92.333,900,67,2,1,899,1,899,0.0,1279
XM_020415019,XM_020406766,88.406,276,23,4,2888,3154,2711,2986,1.07e-89,324
XM_020415019,XM_020406766,89.320,103,7,2,3186,3284,2972,3074,3.25e-30,126
XM_020415019,XM_020413744,80.931,2963,468,49,1,2892,1,2937,0.0,2252
XM_020415019,XM_020413744,73.804,397,81,15,2888,3271,3011,3397,5.41e-33,135
XM_020415019,XM_020416309,94.212,812,46,1,1,811,1,812,0.0,1238
XM_020415019,XM_020416309,90.782,933,70,11,932,1859,812,1733,0.0,1232
XM_020415019,XM_020416309,89.417,926,96,2,1785,2709,1728,2652,0.0,1166
XM_020415019,XM_020416309,88.062,645,59,4,2643,3284,2655,3284,0.0,749
XM_020415019,XM_020410841,86.122,980,102,14,1132,2081,457,1432,0.0,1026
XM_020415019,XM_020410841,88.785,214,22,2,781,993,208,420,8.55e-71,261
XM_020415019,XM_020410665,77.754,463,81,17,1,458,1,446,6.61e-72,265
XM_020415019,XM_020415030,82.743,226,35,4,1169,1392,452,675,6.80e-52,198
XM_020415020,XM_020415020,100.000,456,0,0,1,456,1,456,0.0,843
XM_020415020,XM_020415030,98.675,453,6,0,1,453,1,453,0.0,804
XM_020415020,XM_020415025,96.753,462,9,1,1,456,1,462,0.0,765
XM_020415020,XM_020413752,81.755,433,75,4,4,434,583,1013,3.96e-101,359
XM_020415020,XM_020410841,82.775,209,36,0,189,397,213,421,1.98e-49,187
XM_020415021,XM_020415021,100.000,3699,0,0,1,3699,1,3699,0.0,6831
XM_020415021,XM_020413144,88.811,3700,349,27,1,3681,1,3654,0.0,4479
XM_020415021,XM_020415019,89.874,3328,280,29,1,3316,1,3283,0.0,4226
XM_020415021,XM_020413146,87.772,2985,317,23,1,2967,1,2955,0.0,3446
XM_020415021,XM_020413146,87.500,520,49,7,3173,3678,2981,3498,1.40e-168,586
XM_020415021,XM_020415023,92.219,2262,158,8,521,2776,458,2707,0.0,3186
XM_020415021,XM_020415023,83.411,428,37,13,103,511,1,413,1.98e-102,366
XM_020415021,XM_020406766,90.682,1803,153,6,859,2658,901,2691,0.0,2385
XM_020415021,XM_020406766,85.884,928,100,15,1,926,1,899,0.0,959
XM_020415021,XM_020406766,87.448,478,55,3,3226,3699,2980,3456,2.37e-156,545
XM_020415021,XM_020406766,90.714,280,26,0,2904,3183,2697,2976,1.19e-104,374
XM_020415021,XM_020415028,86.370,2003,226,15,1,1984,1,1975,0.0,2143
XM_020415021,XM_020415028,87.280,1651,153,29,2040,3681,1974,3576,0.0,1832
XM_020415021,XM_020413744,79.559,2950,494,61,1,2888,1,2903,0.0,2006
XM_020415021,XM_020413752,88.897,1342,141,6,1584,2924,1557,2891,0.0,1646
XM_020415021,XM_020413752,83.133,1251,163,19,331,1563,289,1509,0.0,1098
XM_020415021,XM_020413752,85.526,456,55,6,2955,3401,2889,3342,1.90e-132,466
XM_020415021,XM_020413752,89.273,289,31,0,1,289,1,289,2.57e-101,363
XM_020415021,XM_020416309,92.374,931,59,5,959,1886,812,1733,0.0,1315
XM_020415021,XM_020416309,89.224,928,97,1,1812,2739,1728,2652,0.0,1157
XM_020415021,XM_020416309,85.564,1046,115,11,2664,3699,2647,3666,0.0,1062
XM_020415021,XM_020416309,86.899,832,80,13,1,831,1,804,0.0,905
XM_020415021,XM_020410841,86.890,984,96,12,1156,2111,454,1432,0.0,1072
XM_020415021,XM_020410841,88.525,244,24,4,808,1049,208,449,3.42e-80,292
XM_020415021,XM_020399059,72.364,1176,302,19,1585,2750,1591,2753,2.00e-97,350
XM_020415021,XM_020398970,72.134,1195,291,29,1582,2755,1585,2758,1.21e-89,324
XM_020415021,XM_020410665,71.956,1191,293,32,1585,2756,1606,2774,9.43e-86,311
XM_020415021,XM_020399146,72.083,1200,280,43,1585,2755,1588,2761,3.39e-85,309
XM_020415021,XM_020415030,83.111,225,36,2,1196,1419,452,675,1.65e-53,204
XM_020415021,XM_020415521,74.274,482,113,10,2280,2755,2516,2992,3.56e-50,193
XM_020415021,XM_020399049,74.098,471,114,8,2289,2755,2070,2536,1.66e-48,187
XM_020415021,XM_020399019,73.248,471,110,14,2293,2755,1870,2332,1.30e-39,158
XM_020415023,XM_020415023,100.000,2742,0,0,1,2742,1,2742,0.0,5064
XM_020415023,XM_020415021,92.219,2262,158,8,458,2707,521,2776,0.0,3186
XM_020415023,XM_020415021,83.411,428,37,13,1,413,103,511,1.47e-102,366
XM_020415023,XM_020415019,89.540,2237,215,10,482,2707,518,2746,0.0,2817
XM_020415023,XM_020415019,85.990,414,26,13,1,401,103,497,5.17e-117,414
XM_020415023,XM_020413144,89.161,2242,205,16,482,2707,518,2737,0.0,2760
XM_020415023,XM_020413144,85.230,413,31,6,1,401,103,497,5.21e-112,398
XM_020415023,XM_020413146,88.068,2221,233,13,506,2707,554,2761,0.0,2604
XM_020415023,XM_020413146,82.966,499,43,14,1,484,103,574,1.86e-116,412
XM_020415023,XM_020406766,89.195,1814,166,15,793,2592,898,2695,0.0,2237
XM_020415023,XM_020406766,87.728,383,45,2,482,863,518,899,1.83e-126,446
XM_020415023,XM_020406766,85.507,414,28,11,1,401,103,497,1.12e-113,403
XM_020415023,XM_020415028,86.989,1468,146,16,474,1911,522,1974,0.0,1611
XM_020415023,XM_020415028,89.677,775,75,4,1971,2740,1974,2748,0.0,983
XM_020415023,XM_020415028,83.099,497,46,10,1,484,103,574,4.00e-118,418
XM_020415023,XM_020413744,79.585,2263,387,39,488,2698,543,2782,0.0,1550
XM_020415023,XM_020413744,91.489,188,14,2,1,187,103,289,9.22e-70,257
XM_020415023,XM_020413752,88.157,1199,127,12,1512,2707,1557,2743,0.0,1413
XM_020415023,XM_020413752,84.254,978,115,22,494,1449,497,1457,0.0,917
XM_020415023,XM_020413752,90.374,187,18,0,1,187,103,289,2.00e-66,246
XM_020415023,XM_020413752,81.600,250,25,6,247,484,289,529,1.23e-48,187
XM_020415023,XM_020416309,91.173,929,57,11,897,1811,813,1730,0.0,1238
XM_020415023,XM_020416309,88.077,931,105,5,1740,2670,1728,2652,0.0,1099
XM_020415023,XM_020416309,86.473,414,24,11,1,401,103,497,2.39e-120,425
XM_020415023,XM_020416309,89.547,287,30,0,482,768,518,804,5.28e-102,364
XM_020415023,XM_020410841,86.424,987,89,29,1093,2042,454,1432,0.0,1038
XM_020415023,XM_020410841,90.123,243,22,2,745,986,208,449,5.39e-87,315
XM_020415023,XM_020399059,72.820,1181,279,36,1513,2675,1591,2747,5.28e-102,364
XM_020415023,XM_020398970,72.273,1201,288,36,1507,2686,1582,2758,5.36e-92,331
XM_020415023,XM_020399146,72.310,1199,282,41,1513,2686,1588,2761,1.93e-91,329
XM_020415023,XM_020410665,72.017,1190,297,31,1513,2687,1606,2774,1.16e-88,320
XM_020415023,XM_020415521,73.859,482,115,10,2211,2686,2516,2992,5.71e-47,182
XM_020415023,XM_020399049,73.774,469,119,4,2220,2686,2070,2536,5.71e-47,182
XM_020415023,XM_020399019,72.996,474,106,18,2224,2686,1870,2332,2.08e-36,147
XM_020415025,XM_020415025,100.000,462,0,0,1,462,1,462,0.0,854
XM_020415025,XM_020415030,96.950,459,8,1,1,459,1,453,0.0,765
XM_020415025,XM_020415020,96.753,462,9,1,1,462,1,456,0.0,765
XM_020415028,XM_020415028,100.000,3696,0,0,1,3696,1,3696,0.0,6826
XM_020415028,XM_020413144,90.313,1982,152,12,1,1974,1,1950,0.0,2560
XM_020415028,XM_020413144,87.395,1666,146,29,1974,3583,2004,3661,0.0,1855
XM_020415028,XM_020413146,89.186,1979,189,15,1,1974,1,1959,0.0,2446
XM_020415028,XM_020413146,91.309,932,64,7,1974,2889,2025,2955,0.0,1256
XM_020415028,XM_020413146,87.856,527,56,4,3062,3581,2981,3506,2.31e-176,612
XM_020415028,XM_020413146,100.000,29,0,0,2925,2953,2949,2977,1.75e-08,54.7
XM_020415028,XM_020415019,88.342,1990,182,23,1,1974,1,1956,0.0,2344
XM_020415028,XM_020415019,89.107,1276,101,20,1974,3212,2010,3284,0.0,1552
XM_020415028,XM_020415021,86.384,2005,222,18,1,1975,1,1984,0.0,2143
XM_020415028,XM_020415021,87.280,1651,153,29,1974,3576,2040,3681,0.0,1832
XM_020415028,XM_020413744,82.719,2008,306,21,1,1974,1,2001,0.0,1748
XM_020415028,XM_020413744,76.856,458,87,16,3022,3474,3226,3669,1.25e-64,241
XM_020415028,XM_020415023,87.007,1470,142,19,522,1974,474,1911,0.0,1611
XM_020415028,XM_020415023,89.677,775,75,4,1974,2748,1971,2740,0.0,983
XM_020415028,XM_020415023,83.099,497,46,10,103,574,1,484,5.40e-118,418
XM_020415028,XM_020413752,89.641,1226,120,4,331,1554,289,1509,0.0,1554
XM_020415028,XM_020413752,88.600,886,87,7,1974,2846,2007,2891,0.0,1064
XM_020415028,XM_020413752,88.861,404,37,5,1572,1974,1557,1953,1.13e-139,490
XM_020415028,XM_020413752,92.708,288,21,0,1,288,1,288,1.94e-117,416
XM_020415028,XM_020413752,85.352,355,40,8,2953,3296,2989,3342,1.19e-99,357
XM_020415028,XM_020406766,91.007,1112,91,5,869,1974,911,2019,0.0,1491
XM_020415028,XM_020406766,84.052,928,117,11,1,926,1,899,0.0,865
XM_020415028,XM_020406766,89.871,622,63,0,1974,2595,2073,2694,0.0,800
XM_020415028,XM_020406766,89.218,473,47,2,3114,3582,2972,3444,3.89e-169,588
XM_020415028,XM_020416309,91.459,925,70,5,959,1877,812,1733,0.0,1262
XM_020415028,XM_020416309,87.861,1005,88,16,2607,3582,2655,3654,0.0,1149
XM_020415028,XM_020416309,90.000,700,70,0,1974,2673,1953,2652,0.0,905
XM_020415028,XM_020416309,85.952,840,88,10,1,838,1,812,0.0,870
XM_020415028,XM_020416309,90.116,172,17,0,1803,1974,1728,1899,1.26e-59,224
XM_020415028,XM_020410841,87.224,861,71,16,1147,1974,454,1308,0.0,944
XM_020415028,XM_020410841,89.256,242,26,0,808,1049,208,449,1.58e-83,303
XM_020415028,XM_020410841,90.094,212,20,1,1,211,1,212,1.24e-74,274
XM_020415028,XM_020410841,91.667,72,5,1,1974,2045,1362,1432,7.99e-22,99.0
XM_020415028,XM_020399059,72.958,710,180,11,1975,2678,2044,2747,1.62e-63,237
XM_020415028,XM_020415521,74.741,483,109,12,2214,2689,2516,2992,1.65e-53,204
XM_020415028,XM_020399049,74.681,470,113,6,2223,2689,2070,2536,1.65e-53,204
XM_020415028,XM_020410665,72.077,727,181,17,1975,2690,2059,2774,7.65e-52,198
XM_020415028,XM_020415030,81.778,225,39,2,1187,1410,452,675,1.66e-48,187
XM_020415028,XM_020398970,71.839,696,179,14,2004,2689,2070,2758,2.14e-47,183
XM_020415028,XM_020399146,71.272,731,184,20,1975,2689,2041,2761,2.79e-41,163
XM_020415028,XM_020399019,73.517,472,107,14,2227,2689,1870,2332,2.79e-41,163
XM_020413144,XM_020413144,100.000,3672,0,0,1,3672,1,3672,0.0,6782
XM_020413144,XM_020415019,91.934,3310,221,24,1,3290,1,3284,0.0,4591
XM_020413144,XM_020415021,88.811,3700,349,27,1,3654,1,3681,0.0,4479
XM_020413144,XM_020413146,89.582,2966,263,21,1,2931,1,2955,0.0,3723
XM_020413144,XM_020413146,89.015,528,51,5,3137,3659,2981,3506,0.0,647
XM_020413144,XM_020413752,86.211,2618,286,42,331,2888,289,2891,0.0,2765
XM_020413144,XM_020413752,87.582,459,49,7,2919,3374,2889,3342,3.07e-150,525
XM_020413144,XM_020413752,93.772,289,18,0,1,289,1,289,5.32e-123,435
XM_020413144,XM_020415023,89.161,2242,205,16,518,2737,482,2707,0.0,2760
XM_020413144,XM_020415023,85.230,413,31,6,103,497,1,401,6.98e-112,398
XM_020413144,XM_020415028,90.303,1980,156,9,1,1950,1,1974,0.0,2560
XM_020413144,XM_020415028,87.395,1666,146,29,2004,3661,1974,3583,0.0,1855
XM_020413144,XM_020406766,91.546,1798,141,8,829,2619,898,2691,0.0,2468
XM_020413144,XM_020406766,90.788,901,79,4,1,899,1,899,0.0,1201
XM_020413144,XM_020406766,89.677,465,48,0,3196,3660,2980,3444,8.30e-171,593
XM_020413144,XM_020406766,89.310,290,31,0,2868,3157,2697,2986,7.08e-102,364
XM_020413144,XM_020413744,80.655,2931,460,67,1,2852,1,2903,0.0,2172
XM_020413144,XM_020416309,95.987,922,37,0,932,1853,812,1733,0.0,1498
XM_020413144,XM_020416309,87.704,1041,100,8,2620,3660,2642,3654,0.0,1188
XM_020413144,XM_020416309,92.005,813,62,3,1,811,1,812,0.0,1138
XM_020413144,XM_020416309,87.406,929,106,8,1779,2700,1728,2652,0.0,1057
XM_020413144,XM_020410841,86.396,985,99,12,1120,2075,454,1432,0.0,1044
XM_020413144,XM_020410841,88.477,243,26,2,781,1022,208,449,3.39e-80,292
XM_020413144,XM_020410841,86.730,211,27,1,1,210,1,211,2.08e-62,233
XM_020413144,XM_020399059,71.903,2801,661,93,1,2717,1,2759,0.0,697
XM_020413144,XM_020399146,71.843,2795,652,96,1,2705,1,2750,0.0,676
XM_020413144,XM_020398970,72.472,1177,284,31,1552,2705,1588,2747,3.32e-95,342
XM_020413144,XM_020410665,71.648,1171,301,26,1552,2705,1606,2762,9.43e-81,294
XM_020413144,XM_020415030,84.000,225,34,2,1160,1383,452,675,7.55e-57,215
XM_020413144,XM_020399049,73.333,465,109,14,2247,2705,2070,2525,1.29e-39,158
XM_020413144,XM_020415521,72.632,475,114,14,2238,2705,2516,2981,3.61e-35,143
XM_020413144,XM_020399019,71.674,466,107,22,2251,2705,1870,2321,4.74e-24,106
XM_020415030,XM_020415030,100.000,2067,0,0,1,2067,1,2067,0.0,3818
XM_020415030,XM_020415020,98.675,453,6,0,1,453,1,453,0.0,804
XM_020415030,XM_020415025,96.950,459,8,1,1,453,1,459,0.0,765
XM_020415030,XM_020413752,79.727,439,72,11,956,1380,1752,2187,3.16e-83,302
XM_020415030,XM_020410841,77.909,507,90,12,189,675,213,717,1.47e-81,296
XM_020415030,XM_020413744,75.933,536,92,14,452,961,1193,1717,6.99e-65,241
XM_020415030,XM_020416309,84.071,226,32,4,452,675,1040,1263,4.24e-57,215
XM_020415030,XM_020413144,84.141,227,30,5,452,675,1160,1383,4.24e-57,215
XM_020415030,XM_020415021,83.260,227,32,5,452,675,1196,1419,9.17e-54,204
XM_020415030,XM_020415019,82.743,226,35,4,452,675,1169,1392,4.27e-52,198
XM_020415030,XM_020406766,82.743,226,35,4,452,675,1229,1452,4.27e-52,198
XM_020415030,XM_020415028,81.778,225,39,2,452,675,1187,1410,9.23e-49,187
XM_020415030,XM_020413146,81.579,228,39,1,1381,1605,2317,2544,3.32e-48,185
XM_020415030,XM_020399049,73.269,520,105,20,451,941,1168,1682,2.01e-40,159
XM_020415030,XM_020398680,73.477,509,96,24,451,929,1171,1670,2.60e-39,156
XM_020413146,XM_020413146,100.000,3519,0,0,1,3519,1,3519,0.0,6499
XM_020413146,XM_020415019,90.226,2967,248,16,1,2955,1,2937,0.0,3834
XM_020413146,XM_020413144,89.582,2966,263,21,1,2955,1,2931,0.0,3723
XM_020413146,XM_020413144,89.015,528,51,5,2981,3506,3137,3659,0.0,647
XM_020413146,XM_020415021,87.776,2986,315,24,1,2955,1,2967,0.0,3446
XM_020413146,XM_020415021,87.500,520,49,7,2981,3498,3173,3678,1.33e-168,586
XM_020413146,XM_020413752,88.437,2629,233,40,330,2912,288,2891,0.0,3105
XM_020413146,XM_020413752,84.536,291,41,4,1,289,1,289,5.44e-78,285
XM_020413146,XM_020415023,88.068,2221,233,13,554,2761,506,2707,0.0,2604
XM_020413146,XM_020415023,82.966,499,43,14,103,574,1,484,2.39e-116,412
XM_020413146,XM_020415028,89.186,1979,189,16,1,1959,1,1974,0.0,2446
XM_020413146,XM_020415028,91.309,932,64,7,2025,2955,1974,2889,0.0,1256
XM_020413146,XM_020415028,87.856,527,56,4,2981,3506,3062,3581,2.20e-176,612
XM_020413146,XM_020415028,100.000,29,0,0,2949,2977,2925,2953,1.67e-08,54.7
XM_020413146,XM_020406766,90.210,1808,158,13,844,2646,901,2694,0.0,2340
XM_020413146,XM_020406766,85.777,914,112,6,1,911,1,899,0.0,952
XM_020413146,XM_020406766,87.785,483,53,4,3033,3513,2972,3450,8.07e-161,560
XM_020413146,XM_020413744,80.792,2931,480,53,1,2876,1,2903,0.0,2217
XM_020413146,XM_020416309,90.909,924,77,4,944,1862,812,1733,0.0,1234
XM_020413146,XM_020416309,89.434,937,87,7,1788,2724,1728,2652,0.0,1171
XM_020413146,XM_020416309,87.288,826,88,5,1,823,1,812,0.0,928
XM_020413146,XM_020416309,88.619,536,52,7,2981,3513,3131,3660,0.0,643
XM_020413146,XM_020416309,85.570,298,25,8,2658,2955,2655,2934,2.51e-81,296
XM_020413146,XM_020410841,87.210,993,85,21,1132,2096,454,1432,0.0,1092
XM_020413146,XM_020410841,90.610,213,20,0,793,1005,208,420,1.96e-77,283
XM_020413146,XM_020399059,73.025,1190,291,23,1561,2741,1591,2759,3.11e-110,392
XM_020413146,XM_020398970,72.887,1195,285,32,1561,2740,1588,2758,3.14e-105,375
XM_020413146,XM_020410665,72.477,1199,282,40,1561,2741,1606,2774,3.18e-95,342
XM_020413146,XM_020399146,71.883,1195,306,22,1558,2740,1585,2761,5.36e-88,318
XM_020413146,XM_020399049,74.735,471,111,8,2274,2740,2070,2536,1.57e-53,204
XM_020413146,XM_020415030,81.579,228,39,1,2317,2544,1381,1605,5.67e-48,185
XM_020413146,XM_020415521,73.444,482,117,10,2265,2740,2516,2992,1.59e-43,171
XM_020413146,XM_020399019,72.979,470,113,13,2278,2740,1870,2332,5.75e-38,152
XM_020413752,XM_020413752,100.000,3342,0,0,1,3342,1,3342,0.0,6172
XM_020413752,XM_020413146,88.441,2630,231,42,288,2891,330,2912,0.0,3105
XM_020413752,XM_020413146,84.536,291,41,4,1,289,1,289,5.16e-78,285
XM_020413752,XM_020415019,87.257,2621,259,31,289,2891,331,2894,0.0,2920
XM_020413752,XM_020415019,84.906,371,43,9,2889,3257,2925,3284,2.32e-101,363
XM_020413752,XM_020415019,88.621,290,31,2,1,289,1,289,5.02e-98,351
XM_020413752,XM_020413144,86.211,2618,286,42,289,2891,331,2888,0.0,2765
XM_020413752,XM_020413144,87.582,459,49,7,2889,3342,2919,3374,2.79e-150,525
XM_020413752,XM_020413144,93.772,289,18,0,1,289,1,289,4.84e-123,435
XM_020413752,XM_020406766,88.209,1815,187,15,814,2625,901,2691,0.0,2141
XM_020413752,XM_020406766,83.639,599,62,18,289,881,331,899,6.00e-152,531
XM_020413752,XM_020406766,88.966,290,30,2,1,289,1,289,1.08e-99,357
XM_020413752,XM_020406766,88.701,177,16,3,3167,3340,2981,3156,2.47e-56,213
XM_020413752,XM_020413744,81.444,2603,439,35,309,2889,357,2937,0.0,2091
XM_020413752,XM_020413744,93.793,290,16,2,1,289,1,289,4.84e-123,435
XM_020413752,XM_020413744,77.354,446,77,19,2886,3322,3044,3474,3.15e-65,243
XM_020413752,XM_020415021,88.905,1343,139,8,1557,2891,1584,2924,0.0,1646
XM_020413752,XM_020415021,83.133,1251,163,19,289,1509,331,1563,0.0,1098
XM_020413752,XM_020415021,85.526,456,55,6,2889,3342,2955,3401,1.72e-132,466
XM_020413752,XM_020415021,89.273,289,31,0,1,289,1,289,2.32e-101,363
XM_020413752,XM_020415028,89.641,1226,120,4,289,1509,331,1554,0.0,1554
XM_020413752,XM_020415028,88.588,885,89,5,2007,2891,1974,2846,0.0,1064
XM_020413752,XM_020415028,88.861,404,37,5,1557,1953,1572,1974,1.02e-139,490
XM_020413752,XM_020415028,92.708,288,21,0,1,288,1,288,1.75e-117,416
XM_020413752,XM_020415028,85.352,355,40,8,2989,3342,2953,3296,1.08e-99,357
XM_020413752,XM_020415023,88.147,1198,129,10,1557,2743,1512,2707,0.0,1413
XM_020413752,XM_020415023,84.254,978,115,22,497,1457,494,1449,0.0,917
XM_020413752,XM_020415023,90.374,187,18,0,103,289,1,187,2.44e-66,246
XM_020413752,XM_020415023,81.600,250,25,6,289,529,247,484,1.50e-48,187
XM_020413752,XM_020416309,89.622,925,96,0,1782,2706,1728,2652,0.0,1177
XM_020413752,XM_020416309,86.575,946,100,13,914,1856,812,1733,0.0,1018
XM_020413752,XM_020416309,83.897,503,45,16,289,785,331,803,6.22e-127,448
XM_020413752,XM_020416309,90.345,290,26,2,1,289,1,289,2.30e-106,379
XM_020413752,XM_020410841,86.673,983,115,15,1105,2078,457,1432,0.0,1075
XM_020413752,XM_020410841,92.593,243,14,3,763,1003,208,448,2.33e-96,346
XM_020413752,XM_020399059,73.063,2465,577,72,298,2717,331,2753,0.0,793
XM_020413752,XM_020410665,72.961,2489,572,82,296,2723,326,2774,0.0,774
XM_020413752,XM_020398970,72.874,2470,586,69,298,2722,328,2758,0.0,773
XM_020413752,XM_020399146,72.393,2474,594,75,298,2722,328,2761,0.0,702
XM_020413752,XM_020415020,81.755,433,75,4,583,1013,4,434,3.00e-100,359
XM_020413752,XM_020415030,79.727,439,72,11,1752,2187,956,1380,5.12e-83,302
XM_020413752,XM_020415521,75.670,485,101,15,2247,2722,2516,2992,3.17e-60,226
XM_020413752,XM_020399049,75.159,471,109,7,2256,2722,2070,2536,6.87e-57,215
XM_020413752,XM_020399019,74.735,471,103,14,2260,2722,1870,2332,2.49e-51,196
XM_020413744,XM_020413744,100.000,3732,0,0,1,3732,1,3732,0.0,6892
XM_020413744,XM_020415019,80.925,2962,470,47,1,2937,1,2892,0.0,2252
XM_020413744,XM_020415019,73.804,397,81,15,3011,3397,2888,3271,6.15e-33,135
XM_020413744,XM_020413146,80.792,2931,480,55,1,2903,1,2876,0.0,2217
XM_020413744,XM_020413144,80.655,2931,460,66,1,2903,1,2852,0.0,2172
XM_020413744,XM_020413752,81.437,2602,441,33,357,2937,309,2889,0.0,2091
XM_020413744,XM_020413752,93.793,290,16,2,1,289,1,289,5.41e-123,435
XM_020413744,XM_020413752,77.354,446,77,19,3044,3474,2886,3322,3.52e-65,243
XM_020413744,XM_020415021,79.573,2952,490,63,1,2903,1,2888,0.0,2006
XM_020413744,XM_020415028,82.719,2008,306,21,1,2001,1,1974,0.0,1748
XM_020413744,XM_020415028,76.856,458,87,16,3226,3669,3022,3474,1.27e-64,241
XM_020413744,XM_020415023,79.567,2261,391,36,543,2782,488,2698,0.0,1550
XM_020413744,XM_020415023,91.489,188,14,2,103,289,1,187,1.26e-69,257
XM_020413744,XM_020406766,80.905,1812,308,24,865,2666,901,2684,0.0,1395
XM_020413744,XM_020406766,80.556,936,141,18,1,932,1,899,0.0,682
XM_020413744,XM_020406766,78.512,363,59,13,3326,3673,2981,3339,1.65e-58,220
XM_020413744,XM_020410665,74.397,2820,627,71,1,2771,1,2774,0.0,1120
XM_020413744,XM_020416309,85.335,941,118,9,965,1904,812,1733,0.0,955
XM_020413744,XM_020416309,82.676,837,110,14,1,836,1,803,0.0,710
XM_020413744,XM_020399146,73.172,2818,651,80,1,2770,1,2761,0.0,918
XM_020413744,XM_020410841,81.180,983,160,20,1159,2126,460,1432,0.0,767
XM_020413744,XM_020410841,85.062,241,34,2,815,1054,209,448,9.79e-66,244
XM_020413744,XM_020415030,75.933,536,92,14,1193,1717,452,961,1.27e-64,241
XM_020413744,XM_020415521,74.105,475,108,11,2304,2770,2525,2992,7.78e-47,182
XM_020415397,XM_020415397,100.000,2745,0,0,1,2745,1,2745,0.0,5070
XM_020414309,XM_020414309,100.000,795,0,0,1,795,1,795,0.0,1469
XM_020415521,XM_020415521,100.000,3798,0,0,1,3798,1,3798,0.0,7014
XM_020415521,XM_020415521,98.374,123,2,0,2479,2601,2351,2473,2.17e-57,217
XM_020415521,XM_020415521,98.374,123,2,0,2351,2473,2479,2601,2.17e-57,217
XM_020415521,XM_020399059,95.823,2370,96,2,109,2475,1,2370,0.0,3825
XM_020415521,XM_020399059,91.467,1336,93,11,2479,3798,2246,3576,0.0,1816
XM_020415521,XM_020398970,94.848,2368,113,4,109,2470,1,2365,0.0,3688
XM_020415521,XM_020398970,92.337,1318,95,3,2479,3793,2246,3560,0.0,1869
XM_020415521,XM_020399146,94.088,2368,134,3,109,2473,1,2365,0.0,3592
XM_020415521,XM_020399146,90.566,1325,109,4,2483,3792,2247,3570,0.0,1740
XM_020415521,XM_020398680,96.447,2083,68,4,109,2188,1,2080,0.0,3432
XM_020415521,XM_020399049,94.790,2073,101,4,109,2178,1,2069,0.0,3223
XM_020415521,XM_020399049,93.535,959,61,1,2525,3483,2070,3027,0.0,1426
XM_020415521,XM_020399049,96.203,79,3,0,2397,2475,2070,2148,2.91e-31,130
XM_020415521,XM_020410665,89.489,2388,227,14,109,2475,1,2385,0.0,2998
XM_020415521,XM_020410665,92.448,768,53,5,2479,3244,2261,3025,0.0,1092
XM_020415521,XM_020410665,87.993,558,55,6,3244,3792,3115,3669,0.0,649
XM_020415521,XM_020399019,96.818,1540,46,1,109,1648,1,1537,0.0,2569
XM_020415521,XM_020399019,93.229,1211,65,10,2531,3727,1872,3079,0.0,1766
XM_020415521,XM_020399019,98.625,291,4,0,1665,1955,1581,1871,1.91e-147,516
XM_020415521,XM_020399019,100.000,66,0,0,2403,2468,1872,1937,4.87e-29,122
XM_020415521,XM_020398665,96.429,1540,52,1,109,1648,1,1537,0.0,2536
XM_020415521,XM_020398665,95.786,878,34,3,1665,2539,1581,2458,0.0,1413
XM_020415521,XM_020398665,96.748,123,4,0,2479,2601,2270,2392,4.70e-54,206
XM_020415521,XM_020413752,75.670,485,101,15,2516,2992,2247,2722,3.61e-60,226
XM_020415521,XM_020415028,74.741,483,109,12,2516,2992,2214,2689,1.69e-53,204
XM_020415521,XM_020415021,74.274,482,113,10,2516,2992,2280,2755,3.66e-50,193
XM_020415521,XM_020413744,74.105,475,108,11,2525,2992,2304,2770,7.92e-47,182
XM_020415521,XM_020415023,73.913,483,113,12,2516,2992,2211,2686,7.92e-47,182
XM_020415521,XM_020413146,73.444,482,117,10,2516,2992,2265,2740,1.71e-43,171
XM_020415521,XM_020413144,72.746,477,110,18,2516,2981,2238,2705,3.74e-35,143
XM_020415521,XM_020416309,72.009,468,116,14,2516,2976,2193,2652,1.35e-29,124
XM_020415521,XM_020406766,72.527,364,93,6,2516,2876,2313,2672,1.05e-25,111
XM_020416032,XM_020416032,100.000,3834,0,0,1,3834,1,3834,0.0,7081
XM_020416309,XM_020416309,100.000,3666,0,0,1,3666,1,3666,0.0,6770
XM_020416309,XM_020416309,98.630,73,1,0,1728,1800,1659,1731,2.81e-31,130
XM_020416309,XM_020416309,98.630,73,1,0,1659,1731,1728,1800,2.81e-31,130
XM_020416309,XM_020416309,98.649,74,0,1,2653,2725,2584,2657,2.81e-31,130
XM_020416309,XM_020416309,98.649,74,0,1,2584,2657,2653,2725,2.81e-31,130
XM_020416309,XM_020406766,99.132,922,8,0,812,1733,1001,1922,0.0,1659
XM_020416309,XM_020406766,98.819,847,10,0,1728,2574,1848,2694,0.0,1509
XM_020416309,XM_020406766,98.274,811,14,0,1,811,1,811,0.0,1421
XM_020416309,XM_020406766,98.969,485,4,1,3183,3666,2972,3456,0.0,867
XM_020416309,XM_020413144,95.987,922,37,0,812,1733,932,1853,0.0,1498
XM_020416309,XM_020413144,87.704,1041,100,8,2642,3654,2620,3660,0.0,1188
XM_020416309,XM_020413144,92.005,813,62,3,1,812,1,811,0.0,1138
XM_020416309,XM_020413144,87.406,929,106,8,1728,2652,1779,2700,0.0,1057
XM_020416309,XM_020415021,92.374,931,59,5,812,1733,959,1886,0.0,1315
XM_020416309,XM_020415021,89.224,928,97,1,1728,2652,1812,2739,0.0,1157
XM_020416309,XM_020415021,85.564,1046,115,11,2647,3666,2664,3699,0.0,1062
XM_020416309,XM_020415021,86.899,832,80,13,1,804,1,831,0.0,905
XM_020416309,XM_020415028,91.459,925,70,5,812,1733,959,1877,0.0,1262
XM_020416309,XM_020415028,87.861,1005,88,16,2655,3654,2607,3582,0.0,1149
XM_020416309,XM_020415028,90.000,700,70,0,1953,2652,1974,2673,0.0,905
XM_020416309,XM_020415028,85.952,840,88,10,1,812,1,838,0.0,870
XM_020416309,XM_020415028,90.116,172,17,0,1728,1899,1803,1974,1.25e-59,224
XM_020416309,XM_020415023,91.173,929,57,11,813,1730,897,1811,0.0,1238
XM_020416309,XM_020415023,88.077,931,105,5,1728,2652,1740,2670,0.0,1099
XM_020416309,XM_020415023,86.473,414,24,11,103,497,1,401,3.20e-120,425
XM_020416309,XM_020415023,89.547,287,30,0,518,804,482,768,7.07e-102,364
XM_020416309,XM_020415019,94.212,812,46,1,1,812,1,811,0.0,1238
XM_020416309,XM_020415019,90.782,933,70,11,812,1733,932,1859,0.0,1232
XM_020416309,XM_020415019,89.417,926,96,2,1728,2652,1785,2709,0.0,1166
XM_020416309,XM_020415019,88.062,645,59,4,2655,3284,2643,3284,0.0,749
XM_020416309,XM_020413146,90.909,924,77,4,812,1733,944,1862,0.0,1234
XM_020416309,XM_020413146,89.434,937,87,7,1728,2652,1788,2724,0.0,1171
XM_020416309,XM_020413146,87.288,826,88,5,1,812,1,823,0.0,928
XM_020416309,XM_020413146,88.619,536,52,7,3131,3660,2981,3513,0.0,643
XM_020416309,XM_020413146,85.570,298,25,8,2655,2934,2658,2955,2.62e-81,296
XM_020416309,XM_020413752,89.622,925,96,0,1728,2652,1782,2706,0.0,1177
XM_020416309,XM_020413752,86.575,946,100,13,812,1733,914,1856,0.0,1018
XM_020416309,XM_020413752,83.897,503,45,16,331,803,289,785,6.83e-127,448
XM_020416309,XM_020413752,90.345,290,26,2,1,289,1,289,2.53e-106,379
XM_020416309,XM_020413744,85.335,941,118,9,812,1733,965,1904,0.0,955
XM_020416309,XM_020413744,82.676,837,110,14,1,803,1,836,0.0,710
XM_020416309,XM_020410841,87.895,760,66,15,1000,1734,454,1212,0.0,870
XM_020416309,XM_020410841,84.950,299,40,5,1728,2024,1137,1432,7.28e-82,298
XM_020416309,XM_020410841,86.022,186,25,1,1,185,1,186,7.59e-52,198
XM_020416309,XM_020410841,93.023,86,6,0,812,897,359,444,3.63e-30,126
XM_020416309,XM_020410665,76.304,460,93,12,1,458,1,446,7.48e-62,231
XM_020416309,XM_020410665,70.077,909,244,26,1734,2628,1839,2733,2.79e-36,147
XM_020416309,XM_020415030,84.071,226,32,4,1040,1263,452,675,7.54e-57,215
XM_020416309,XM_020399059,71.192,906,245,14,1734,2631,1824,2721,2.71e-56,213
XM_020416309,XM_020398970,71.317,896,218,30,1734,2608,1821,2698,9.82e-51,195
XM_020416309,XM_020399146,70.713,898,228,31,1734,2612,1821,2702,5.95e-43,169
XM_020416309,XM_020399049,73.449,403,103,4,2212,2612,2080,2480,7.75e-37,148
XM_020416309,XM_020399019,72.840,405,102,6,2212,2612,1876,2276,7.81e-32,132
XM_020416309,XM_020415521,72.009,468,116,14,2193,2652,2516,2976,1.31e-29,124
XM_020417188,XM_020417188,100.000,1875,0,0,1,1875,1,1875,0.0,3426
XM_020417490,XM_020417490,100.000,3282,0,0,1,3282,1,3282,0.0,6061
XM_020417490,XM_020417216,93.685,1932,122,0,55,1986,1,1932,0.0,2892
XM_020417490,XM_020417219,94.607,1706,90,2,35,1740,259,1962,0.0,2639
XM_020417490,XM_020417219,89.536,1510,143,6,1776,3282,1965,3462,0.0,1899
XM_020417216,XM_020417216,100.000,1959,0,0,1,1959,1,1959,0.0,3618
XM_020417216,XM_020417490,93.685,1932,122,0,1,1932,55,1986,0.0,2892
XM_020417216,XM_020417219,96.916,1686,52,0,1,1686,277,1962,0.0,2826
XM_020417216,XM_020417219,98.222,225,4,0,1722,1946,1965,2189,4.80e-111,394
XM_020417219,XM_020417219,100.000,3462,0,0,1,3462,1,3462,0.0,6394
XM_020417219,XM_020417216,96.916,1686,52,0,277,1962,1,1686,0.0,2826
XM_020417219,XM_020417216,98.222,225,4,0,1965,2189,1722,1946,8.52e-111,394
XM_020417219,XM_020417490,94.607,1706,90,2,259,1962,35,1740,0.0,2639
XM_020417219,XM_020417490,89.536,1510,143,6,1965,3462,1776,3282,0.0,1899
XM_020388823,XM_020388823,100.000,2763,0,0,1,2763,1,2763,0.0,5103
XM_020387063,XM_020387063,100.000,2790,0,0,1,2790,1,2790,0.0,5153
XM_020387063,XM_020389113,96.480,2415,79,2,379,2790,247,2658,0.0,3984
XM_020387065,XM_020387065,100.000,2547,0,0,1,2547,1,2547,0.0,4704
XM_020389113,XM_020389113,100.000,2658,0,0,1,2658,1,2658,0.0,4909
XM_020389113,XM_020387063,96.480,2415,79,2,247,2658,379,2790,0.0,3984
XM_020386706,XM_020386706,100.000,1167,0,0,1,1167,1,1167,0.0,2156
XM_020386193,XM_020386193,100.000,2769,0,0,1,2769,1,2769,0.0,5114
XM_020389493,XM_020389493,100.000,2265,0,0,1,2265,1,2265,0.0,4183
XM_020394534,XM_020394534,100.000,561,0,0,1,561,1,561,0.0,1033


